Item,Type,Module,Priority,Title,Open markers,Status,Last verified,File,Checked in sim (Y/N),Date checked,Tier flown,Minutes,Screenshots done,Issues,Fix PR,Notes
L0.1,Lesson,M0,P0,Welcome: how Learn-To-Fly works,0,Published,2026-09-28,content/lessons/m0-getting-started/l0-1-welcome-how-learn-to-fly-works.md,Y,2026-09-28,,,,None,#38,Verified and published
L0.2,Lesson,M0,P0,Setting up MSFS 2024 for training,0,Published,2026-09-28,content/lessons/m0-getting-started/l0-2-setting-up-msfs-2024-for-training.md,Y,2026-09-28,,,Y (3 assistance screenshots),Gamepad rudder is LT/RT (auto-rudder advice wrong); no toolbar checklist; VFR map is now the EFB map; no in-sim browser; menu path is Settings → General → Assistances; in-sim checklist is in the EFB,#38,Fixed and published; screenshots trimmed to match the table
L0.3,Lesson,M0,P0,Your first flight,0,Published,2026-09-28,content/lessons/m0-getting-started/l0-3-your-first-flight.md,Y,2026-09-28,,,,Missing flaps 10° for takeoff; power vs level picture unclear; Lake Del Valle is SE not S; Altamont wind turbines not seen,#38,Fixed and published
C0.1,Challenge,M0,P0,First flight over Livermore,0,Published,2026-09-28,content/challenges/c0-1-first-flight-over-livermore.yaml,Y,2026-09-28,Pass (completion),,,Auto-rudder step wrong (use LT/RT); flaps 10° step added; Vfe key number label unclear,#38,Fixed and published
L1.1,Lesson,M1,P0,The airframe and flight controls,0,Draft,,content/lessons/m1-meet-the-skyhawk/l1-1-the-airframe-and-flight-controls.md,,,,,,,,"Sim: from a parking spot with the engine off, check the outside view shows the ailerons, elevator and rudder moving with the controls, and that the flaps move with the battery on."
L1.2,Lesson,M1,P0,The cockpit: G1000 PFD and MFD,1,Draft,,content/lessons/m1-meet-the-skyhawk/l1-2-the-cockpit-g1000-pfd-and-mfd.md,,,,,,,,"Sim: check the PFD bezel labels the dual knob CRS/BARO and the outer ring changes the BARO box; check where NRST lives (PFD softkey or MFD page) and that the EIS strip shows RPM, fuel flow, oil pressure/temperature, fuel quantity, volts and amps."
L1.3,Lesson,M1,P0,"Engine, fuel and electrical systems",1,Draft,,content/lessons/m1-meet-the-skyhawk/l1-3-engine-fuel-and-electrical-systems.md,,,,,,,,"Sim: confirm both Skyhawk variants are fuel injected (no carb heat knob). If the classic variant has carb heat, add Classic panel callouts here and in L4.3. Check the fuel selector shows LEFT, BOTH, RIGHT and a separate fuel shutoff valve."
L1.4,Lesson,M1,P0,"Speeds, limits and checklists",2,Draft,,content/lessons/m1-meet-the-skyhawk/l1-4-speeds-limits-and-checklists.md,,,,,,,,"Sim: compare the EFB checklist speeds with the POH speeds in the lesson (rotate 55, climb 70-80 then 74, approach 65-75/60-70, go-around 60). Check whether the EFB checklist can auto-complete items or highlight controls, and where that option is set; then update the 'in-sim checklist' section and its sim callout."
C1.1,Challenge,M1,P0,Cockpit scavenger hunt,1,Draft,,content/challenges/c1-1-cockpit-scavenger-hunt.yaml,,,,,,,,Sim: record the parking spot name for the FBO ramp (northwest apron) in the flight setup; confirm cockpit tooltips name each control; confirm all 16 items can be found and operated cold and dark (flaps need the battery) and that the transponder shows an ALT mode.
L2.1,Lesson,M2,P0,Four forces and how a wing works,0,Draft,,content/lessons/m2-fundamentals/l2-1-four-forces-and-how-a-wing-works.md,,,,,,,,No sim instructions. Run 54.4: check the angle-of-attack widget and the Go deeper links.
L2.2,Lesson,M2,P0,Attitude flying and trim,1,Draft,,content/lessons/m2-fundamentals/l2-2-attitude-flying-and-trim.md,,,,,,,,"Sim: add the level-cruise sight picture screenshot from the default cockpit camera (49.5); confirm 2,300 RPM gives about 100-105 KIAS level at 3,500 ft at LOAD_SOLO; check the trim buttons move in steps as the sim callout says."
L2.3,Lesson,M2,P0,Climbs and descents,1,Draft,,content/lessons/m2-fundamentals/l2-3-climbs-and-descents.md,,,,,,,,"Sim: fly a 500 fpm descent at 90 KIAS and note the RPM; adjust the 1,700-2,000 RPM range here and in C2.2 if it differs. Check the level-off lead (10% of VS) works in the sim."
L2.4,Lesson,M2,P0,Turns and coordination,0,Draft,,content/lessons/m2-fundamentals/l2-4-turns-and-coordination.md,,,,,,,,Sim: confirm the PFD turn-rate arc has standard-rate marks and the trend line reaches them at about 17 degrees of bank at 100 KTAS; check the slip/skid bar behaves as described with auto-rudder off.
C2.1,Challenge,M2,P0,Straight and level,0,Draft,,content/challenges/c2-1-straight-and-level.yaml,,,,,,,,"Sim: confirm an air start 5 nm east of KLVK at 3,500 ft heading 090 at 100 KIAS can be set (or use the fallback); time it; fly it fast once to check the airspeed tiers."
C2.2,Challenge,M2,P0,Climbs and descents,0,Draft,,content/challenges/c2-2-climbs-and-descents.yaml,,,,,,,,"Sim: confirm the air start; check 1,700-2,000 RPM gives the 90 KIAS descent; time it."
C2.3,Challenge,M2,P0,Turns to headings,0,Draft,,content/challenges/c2-3-turns-to-headings.yaml,,,,,,,,"Sim: confirm the air start 3 nm north of KLVK (just inside the Class D, ATC off); time it."
C2.4,Challenge,M2,P0,The box,0,Draft,,content/challenges/c2-4-the-box.yaml,,,,,,,,Sim: confirm the air start and the WX_LIGHT_W winds aloft; check four 2-minute legs fit the valley; time it.
L3.1,Lesson,M3,P0,Preflight and engine start,2,Draft,,content/lessons/m3-ground-operations/l3-1-preflight-and-engine-start.md,,,,,,,,"Sim: describe the walkaround mode (which items are modeled: pitot cover, chocks, tie-downs, fuel sampling); confirm the POH start sequence works (mixture idle cut-off, prime with the aux pump, START, mixture rich) and whether priming does anything; confirm oil pressure rises within 30-60 s."
L3.2,Lesson,M3,P0,"Taxiing, signs and markings",1,Draft,,content/lessons/m3-ground-operations/l3-2-taxiing-signs-and-markings.md,,,,,,,,Sim: taxi from the FBO parking spot to the 25R run-up area via taxiway A and confirm the signs and markings match the FAA diagram (Oct 2026); then write the exact taxiway sequence into the lesson and C3.2. Confirm the taxi ribbon option name and the groundspeed readout.
L3.3,Lesson,M3,P0,"Run-up, before takeoff, and after landing",0,Draft,,content/lessons/m3-ground-operations/l3-3-run-up-before-takeoff-and-after-landing.md,,,,,,,,"Sim: run-up at 1,800 RPM shows a magneto drop within POH limits (150/50); confirm the XPDR softkey mode names after landing (real NXi: GND, STBY, ON, ALT)."
C3.1,Challenge,M3,P0,Cold and dark to running,1,Draft,,content/challenges/c3-1-cold-and-dark-to-running.yaml,,,,,,,,Sim: parking spot name for the northwest apron; name of the checklist auto-complete setting; the engine starts with the POH sequence; time it.
C3.2,Challenge,M3,P0,Taxi to the runway at KLVK,3,Draft,,content/challenges/c3-2-taxi-to-the-runway-at-klvk.yaml,,,,,,,,Sim: parking spot and runway names; the route A to the 25R run-up pad matches the diagram; time it.
C3.3,Challenge,M3,P0,Run-up,1,Draft,,content/challenges/c3-3-run-up.yaml,,,,,,,,Sim: whether a run-up area start spot exists for 25R (otherwise continue from C3.2); time it.
C3.4,Challenge,M3,P0,After landing and shutdown,2,Draft,,content/challenges/c3-4-after-landing-and-shutdown.yaml,,,,,,,,Sim: runway name; XPDR softkey mode names; time it.
L4.1,Lesson,M4,P0,Normal takeoff and climb,1,Draft,,content/lessons/m4-takeoffs-patterns-landings/l4-1-normal-takeoff-and-climb.md,,,,,,,,Sim: lined-up sight picture screenshot from the default cockpit camera (49.5); confirm the takeoff roll needs right rudder with auto-rudder off.
L4.2,Lesson,M4,P0,The traffic pattern,1,Draft,,content/lessons/m4-takeoffs-patterns-landings/l4-2-the-traffic-pattern.md,,,,,,,,Sim: fly the downwind/base/final table settings at C4.2's weight and adjust (8.5); confirm the sim's ATC and AI traffic use right traffic for KLVK 25R and left traffic at Tracy; check the traffic-pattern widget.
L4.3,Lesson,M4,P0,Normal approach and landing,1,Draft,,content/lessons/m4-takeoffs-patterns-landings/l4-3-normal-approach-and-landing.md,,,,,,,,Sim: check PAPIs are shown at KLVK 7L and 25R and all four Tracy ends and read correctly on a 3 degree path; check the flare camera advice; add a screenshot if useful.
L4.4,Lesson,M4,P0,Go-arounds,1,Draft,,content/lessons/m4-takeoffs-patterns-landings/l4-4-go-arounds.md,,,,,,,,Sim: compare the EFB balked-landing checklist with the POH sequence in the lesson; check the sim climbs at 60 KIAS with flaps 20.
C4.1,Challenge,M4,P0,Normal takeoff and departure,1,Draft,,content/challenges/c4-1-normal-takeoff-and-departure.yaml,,,,,,,,"Sim: runway name; with ATC off, confirm a 45 degree right turn from the 25R upwind at 1,400 ft is sensible; time it."
C4.2,Challenge,M4,P0,Fly the pattern,1,Draft,,content/challenges/c4-2-fly-the-pattern.yaml,,,,,,,,"Sim: runway in use for the WX_LIGHT_W wind; pattern altitude about 1,000 ft MSL; time it."
C4.3,Challenge,M4,P0,Full-stop landing,1,Draft,,content/challenges/c4-3-full-stop-landing.yaml,,,,,,,,Sim: runway name; right pattern for 25R; time it; fly it fast once to check the tiers.
C4.4,Challenge,M4,P0,Go-around,1,Draft,,content/challenges/c4-4-go-around.yaml,,,,,,,,Sim: runway name; check the side-step direction works for a right-hand pattern; time it.
C4.7,Challenge,M4,P0,Three-circuit session,1,Draft,,content/challenges/c4-7-three-circuit-session.yaml,,,,,,,,Sim: runway in use; touch-and-go sequence (flaps up before full power); time three circuits.
L5.1,Lesson,M5,P0,Slow flight,1,Draft,,content/lessons/m5-slow-flight-stalls-emergencies/l5-1-slow-flight.md,,,,,,,,"Sim: RPM that holds 55 KIAS with full flaps at C5.1's weight and altitude (lesson says about 1,900-2,100); check when the sim's stall horn sounds in that configuration."
L5.2,Lesson,M5,P0,Stalls: power-off and power-on,0,Draft,,content/lessons/m5-slow-flight-stalls-emergencies/l5-2-stalls-power-off-and-power-on.md,,,,,,,,"Sim: check the stall cues (horn, camera shake, nose drop) in both configurations and adjust the sim callout; check full power with flaps 10 gives a clean power-on stall with the ball centered."
L5.3,Lesson,M5,P0,Steep turns and load factor,0,Draft,,content/lessons/m5-slow-flight-stalls-emergencies/l5-3-steep-turns-and-load-factor.md,,,,,,,,Sim: check about 100-200 RPM extra holds 95 KIAS in a 45 degree turn and whether the sim shows an overbanking tendency.
L5.4,Lesson,M5,P0,Engine failure and forced landings,2,Draft,,content/lessons/m5-slow-flight-stalls-emergencies/l5-4-engine-failure-and-forced-landings.md,,,,,,,,"Sim: glide about 4.5 nm from 3,000 ft AGL at 68 KIAS; the failure menu's engine-failure options (menu names); mixture cut-off stops the engine and mixture rich plus power restarts it."
C5.1,Challenge,M5,P0,Slow flight,1,Draft,,content/challenges/c5-1-slow-flight.yaml,,,,,,,,Sim: air start; slow-flight RPM; stall horn tiers; time it.
C5.2,Challenge,M5,P0,Power-off stall,0,Draft,,content/challenges/c5-2-power-off-stall.yaml,,,,,,,,Sim: air start; full-stall behaviour and altitude lost; time it.
C5.3,Challenge,M5,P0,Power-on stall,0,Draft,,content/challenges/c5-3-power-on-stall.yaml,,,,,,,,Sim: air start; wing-drop behaviour at full power; time it.
C5.4,Challenge,M5,P0,Steep turns,0,Draft,,content/challenges/c5-4-steep-turns.yaml,,,,,,,,Sim: air start 5 nm east of KLVK; confirm heading 310 points at Mt Diablo from there; time it.
C5.5,Challenge,M5,P0,Engine failure,0,Draft,,content/challenges/c5-5-engine-failure.yaml,,,,,,,,Sim: air start 8 nm east heading 270 at 110 KIAS (changed from 090 so KLVK can be in glide range when the failure comes late; D-22 style change to confirm); mixture cut-off kills the engine and a late restart works; time it.
L6.1,Lesson,M6,P0,Reading a sectional chart,0,Draft,,content/lessons/m6-vfr-navigation/l6-1-reading-a-sectional-chart.md,,,,,,,,Sim: check the EFB map statement (it shows less than a sectional); no other sim items.
L6.2,Lesson,M6,P0,Airspace,0,Draft,,content/lessons/m6-vfr-navigation/l6-2-airspace.md,,,,,,,,No sim items. The cross-section data was rebuilt from FAA airspace data (PR #42) and the VFR minimums match 14 CFR 91.155.
L6.3,Lesson,M6,P0,Pilotage and dead reckoning,1,Draft,,content/lessons/m6-vfr-navigation/l6-3-pilotage-and-dead-reckoning.md,,,,,,,,"Sim: check I-580, the Altamont wind farms (may be missing) and the town of Tracy are recognisable from 3,500 ft."
L6.4,Lesson,M6,P0,VOR navigation,1,Draft,,content/lessons/m6-vfr-navigation/l6-4-vor-navigation.md,,,,,,,,Sim: how the G1000 shows the decoded VOR identifier and how to hear the Morse ID (audio panel NAV1); confirm the Manteca VOR (ECA 116.0) is in the sim's database.
L6.5,Lesson,M6,P0,GPS navigation with the G1000,1,Draft,,content/lessons/m6-vfr-navigation/l6-5-gps-navigation-with-the-g1000.md,,,,,,,,Sim: FPL page steps and the Activate Flight Plan menu wording; how a world-map flight plan syncs into the G1000; where NRST is.
L6.6,Lesson,M6,P0,Planning a cross-country flight,0,Draft,,content/lessons/m6-vfr-navigation/l6-6-planning-a-cross-country-flight.md,,,,,,,,"No sim items. The nav log was recomputed from the FAA airport coordinates (KLVK-C83 049/12, C83-KTCY 134/12, KTCY-KLVK 271/18)."
C6.1,Challenge,M6,P0,Landmark hunt,2,Draft,,content/challenges/c6-1-landmark-hunt.yaml,,,,,,,,Sim: runway name; visibility of the six landmarks; time it.
C6.2,Challenge,M6,P0,Pilotage to Tracy,2,Draft,,content/challenges/c6-2-pilotage-to-tracy.yaml,,,,,,,,Sim: runway name; the California Aqueduct is visible; time it.
C6.3,Challenge,M6,P0,Dead reckoning to Half Moon Bay,1,Draft,,content/challenges/c6-3-dead-reckoning-to-half-moon-bay.yaml,,,,,,,,"Sim: runway in use at KPAO; the 2,500 then 3,500 ft plan works with the sim scenery (ridge height); Crystal Springs Reservoir visible; KHAF CTAF 122.8; time it."
C6.4,Challenge,M6,P0,VOR tracking,1,Draft,,content/challenges/c6-4-vor-tracking.yaml,,,,,,,,"Sim: ECA at 116.0 exists; air start 10 nm south of it at 3,500 ft; time it."
C6.5,Challenge,M6,P0,G1000 flight plan,0,Draft,,content/challenges/c6-5-g1000-flight-plan.yaml,,,,,,,,"Sim: FPL entry steps, D-> and NRST behaviour match the lesson; time it."
L7.1,Lesson,M7,P0,Radio basics and the phonetic alphabet,0,Draft,,content/lessons/m7-radio-airport-operations/l7-1-radio-basics-and-the-phonetic-alphabet.md,,,,,,,,Sim: check the ATC menu reads your calls aloud as described and the COM flip-flop key swaps frequencies.
L7.2,Lesson,M7,P0,Non-towered airports (CTAF),1,Draft,,content/lessons/m7-radio-airport-operations/l7-2-non-towered-airports-ctaf.md,,,,,,,,Sim: which CTAF calls the ATC window offers at Tracy; whether AI traffic announces its position; Tracy CTAF shows 123.075 in the sim.
L7.3,Lesson,M7,P0,Towered airports and sim ATC,2,Draft,,content/lessons/m7-radio-airport-operations/l7-3-towered-airports-and-sim-atc.md,,,,,,,,Sim: ATC window options for a VFR departure and arrival at Livermore; the frequencies and runway names sim ATC uses; what it calls the parking area; note differences from the scripts.
C7.1,Challenge,M7,P0,CTAF pattern at Tracy,0,Draft,,content/challenges/c7-1-ctaf-pattern-at-tracy.yaml,,,,,,,,Sim: Tracy CTAF 123.075 in the sim; AI traffic appears; time it.
C7.2,Challenge,M7,P0,Towered departure and return at Livermore,0,Draft,,content/challenges/c7-2-towered-departure-and-return-at-livermore.yaml,,,,,,,,Sim: the full ATC sequence works with sim ATC and AI traffic on; time it.
L8.1,Lesson,M8,P0,Decision making and personal minimums,0,Draft,,content/lessons/m8-capstone/l8-1-decision-making-and-personal-minimums.md,,,,,,,,
L8.2,Lesson,M8,P0,Preparing for your checkride,0,Draft,,content/lessons/m8-capstone/l8-2-preparing-for-your-checkride.md,,,,,,,,
C8.1,Challenge,M8,P0,Local checkride,0,Draft,,content/challenges/c8-1-local-checkride.yaml,,,,,,,,
C8.2,Challenge,M8,P0,Cross-country capstone,1,Draft,,content/challenges/c8-2-cross-country-capstone.yaml,,,,,,,,
aircraft.yaml,Data,Data,P0,"Aircraft data (specs, V-speeds, arcs, limits, power, performance)",9,Unverified,,content/aircraft.yaml,,,,,,,,"2026-10-09: specs, V-speeds, arcs and limits checked against the 172S NAV III POH (172SPHBUS-00). Sim: compare each V-speed with the EFB checklist; check the airspeed tape bands are 40-85 white, 48-129 green, 129-163 yellow, 163 red; record the exact variant names from the aircraft list; fly the power settings (Section 8.5) and the W5 pitch/power table."
airports.yaml,Data,Data,P0,Airports (13),14,Unverified,,content/airports.yaml,,,,,,,,"2026-10-09: elevations, runways, patterns, pattern altitudes and frequencies filled from the Chart Supplement (effective 2026-10-01) and the FAA airport diagrams. Sim: check KLVK tower 118.1, ground 121.6, ATIS 119.65; KTCY CTAF 123.075; C83 CTAF 123.05; KHAF CTAF 122.8; KPAO tower 118.6; check the sim's ATC uses right traffic for KLVK 25R; note the sim's parking spot names (the FBO is on the northwest apron at KLVK)."
checklists.yaml,Data,Data,P0,Checklists (16),20,Unverified,,content/checklists.yaml,,,,,,,,"2026-10-09: every number and sequence checked against the POH, Sections 3 and 4. Sim: compare each checklist with the EFB checklist; confirm the start sequence (mixture idle cut-off, prime with the aux pump, START, mixture rich) works and whether priming is modeled; confirm the XPDR softkeys read STBY, ON, ALT, GND."
presets.yaml,Data,Data,P0,"Challenge presets (start states, weather, loads)",2,Unverified,,content/presets.yaml,,,,,,,,"Sim: confirm the cold-and-dark option name in the flight setup and that each weather preset (clouds, wind, gusts, visibility, altimeter) can be set as written."
airspace-profile.yaml,Data,Data,P0,W11 airspace cross-section,0,Verified,2026-10-09,content/airspace-profile.yaml,,,,,,,,"2026-10-09: rebuilt from the FAA Class Airspace dataset sampled every 1 nm along the line (Class B shelves, Oakland Class C, Hayward and Livermore Class D). Not sim-dependent; glance at the SF TAC if you want a second look."
resources.yaml,Data,Data,P0,External resources (96),4,Unverified,,content/resources.yaml,,,,,,,,
